{
    "Objects": [
        {
            "name": "Plum",
            "pos": [
                7610.73828125,
                9.564269065856934,
                3505.03076171875
            ],
            "ypr": [
                -180.0,
                -90.0,
                -180.0
            ],
            "scale": 100.00003051757813,
            "enableCEPersistency": 0
        }
    ]
}